,Unnamed: 0,Unnamed: 1,time,geometry
0,gdf_nodes0,0,15 mins,"POLYGON ((-8225388.881412921 4987194.698123116, -8226249.347680906 4988027.797239444, -8226641.170024599 4988505.119692285, -8226743.806595109 4989600.485068726, -8225930.172436903 4990401.04483449, -8225276.059109001 4990680.226076647, -8225028.751728255 4990766.277910856, -8224709.220261882 4990462.413984588, -8223681.85268135 4988994.075359891, -8224202.226773011 4987948.77298673, -8224993.75288035 4987431.504366639, -8225388.881412921 4987194.698123116))"
1,gdf_nodes1,0,15 mins,"POLYGON ((-8225098.738292117 4986243.205737156, -8225234.937689101 4986304.210388722, -8225470.979537381 4986608.533237704, -8225610.128900872 4986827.289078453, -8225720.346328706 4987073.516634638, -8225771.20820405 4987321.309891348, -8225995.850936469 4989202.731373581, -8225374.354219372 4990036.958587046, -8224241.032747504 4990551.201258746, -8223186.60339876 4990422.634369155, -8222925.425609461 4990362.163189143, -8222926.52767242 4990225.916769686, -8222932.004591367 4990078.31127199, -8223058.474664858 4988797.004001283, -8223183.831543439 4988229.134684036, -8224333.917730621 4986691.709897386, -8225098.738292117 4986243.205737156))"
2,gdf_nodes2,0,15 mins,"POLYGON ((-8235374.974445716 4973015.145120188, -8235891.018209186 4973044.849540953, -8236193.517793469 4973087.114591972, -8236392.980057071 4973180.283452108, -8237356.672888868 4974308.281817648, -8237422.796666401 4975182.512069508, -8237169.121810781 4975397.074017432, -8235752.024692982 4975195.427971866, -8234534.044748366 4974534.93149307, -8234593.945766361 4973672.688723281, -8234602.417179612 4973579.662083659, -8234614.0278025 4973567.159676374, -8234825.968981021 4973361.878606241, -8235374.974445716 4973015.145120188))"
3,gdf_nodes3,0,15 mins,"POLYGON ((-8234158.274675244 4965561.498075358, -8234719.747922908 4965695.360428665, -8234966.253803319 4965772.296512802, -8235201.449623468 4965979.664365211, -8235909.408189065 4966766.574774474, -8236003.42863099 4967040.632704273, -8236206.152555673 4967637.385281475, -8236110.250814355 4968182.018934401, -8235404.518638573 4968281.616479233, -8233732.221588131 4967856.274648778, -8233527.772211339 4967611.940517865, -8233975.009397551 4965889.705578286, -8234158.274675244 4965561.498075358))"
4,gdf_nodes4,0,15 mins,"POLYGON ((-8225745.805096251 4961964.693560019, -8226185.962362847 4962001.525381728, -8228344.937095087 4964750.362798552, -8227961.552768796 4965020.63589598, -8225880.412624517 4965951.49343551, -8225431.884132215 4965793.273848105, -8225318.471834993 4965689.473910984, -8224733.710549857 4964705.256849247, -8224698.310951784 4964523.103145692, -8224626.309505138 4964151.5846836, -8224844.284200062 4962493.001342006, -8225150.713362369 4961980.350735819, -8225745.805096251 4961964.693560019))"
5,gdf_nodes5,0,15 mins,"POLYGON ((-8224894.366838968 4973790.618744626, -8226052.067279321 4973930.529347273, -8226566.55256992 4974248.718461681, -8226332.436548833 4975485.077811526, -8225718.531821007 4977084.580929467, -8225240.614983131 4977427.211350107, -8225033.315827377 4977455.900377369, -8224222.676163471 4976168.195829913, -8223441.703143862 4974649.242736199, -8223545.35272174 4974436.16648031, -8223729.664402646 4974287.095204932, -8224371.599378255 4973982.950427001, -8224894.366838968 4973790.618744626))"
6,gdf_nodes6,0,15 mins,"POLYGON ((-8220562.569229832 4989810.331327995, -8220724.650408428 4989878.466112575, -8221193.973381612 4990228.712907362, -8222247.679153665 4991262.161436077, -8222243.671651995 4991331.689875126, -8221762.927299056 4991671.185348433, -8220534.961996115 4992128.976901755, -8220027.67907657 4992116.480152179, -8217886.170372436 4991275.510740168, -8220362.951118943 4989874.963708155, -8220562.569229832 4989810.331327995))"
7,gdf_nodes7,0,15 mins,"POLYGON ((-8223239.457892989 4992493.185439939, -8224578.842874265 4992602.687648449, -8225052.86352996 4992777.505123002, -8225375.467414279 4992945.318716388, -8225840.515719018 4994001.948296329, -8225813.810173177 4995867.445974771, -8225759.642108956 4995968.445491351, -8225746.65112438 4995992.344495, -8224666.061695301 4997355.244252104, -8223503.296218119 4996229.806295248, -8223397.731944999 4996025.991682061, -8222916.542314095 4994498.025896747, -8222909.217491602 4994320.866097526, -8223215.590994162 4992506.138990995, -8223239.457892989 4992493.185439939))"
8,gdf_nodes8,0,15 mins,"POLYGON ((-8231660.009267014 4960413.730074786, -8233163.935587632 4960729.32300902, -8233525.879779997 4961077.616782204, -8233643.989759726 4961316.168044853, -8233642.932224566 4961443.193314747, -8233465.978762001 4962207.874190504, -8233275.255078424 4962574.813676716, -8232506.415883312 4962867.303868609, -8232190.925314455 4962976.59187038, -8231244.564927373 4963177.090904686, -8230942.532884952 4963090.430556085, -8230637.428424587 4963001.86315179, -8230215.939436596 4962824.11438505, -8230021.586737621 4962697.966376459, -8230007.749724914 4962515.483156702, -8230857.507057886 4961047.567189127, -8231552.385583313 4960430.92529947, -8231660.009267014 4960413.730074786))"
9,gdf_nodes9,0,15 mins,"POLYGON ((-8231445.774906982 4979911.946452236, -8232042.146815008 4980602.695748166, -8232053.479139172 4980619.147306184, -8232168.561228754 4980803.144948703, -8232120.871958897 4980917.36784244, -8232069.909896012 4980987.969403411, -8231783.106359933 4981070.642392456, -8231681.126574418 4981089.917664465, -8231434.631825954 4981114.98586691, -8230815.795644684 4981135.334531353, -8230888.587459714 4980892.182527841, -8231445.774906982 4979911.946452236))"
10,gdf_nodes10,0,15 mins,"POLYGON ((-8231290.90723139 4967177.62784381, -8232336.943090527 4967349.582876642, -8232456.388904148 4967442.080430459, -8232604.555146394 4967750.705580669, -8232732.683880297 4968171.814024317, -8232430.451462794 4968576.200912193, -8232101.39104801 4968714.083923964, -8231873.887404676 4968766.77072547, -8230957.616675956 4968610.605405012, -8230861.893045822 4968579.211116934, -8230511.214385926 4968082.363671018, -8230683.770728604 4967489.841811375, -8231290.90723139 4967177.62784381))"
11,gdf_nodes11,0,15 mins,"POLYGON ((-8236209.948550308 4967866.684789672, -8236389.796319636 4967879.781907917, -8238306.628895503 4969942.562000572, -8238085.581782633 4970657.648271894, -8238081.14013495 4970663.434970946, -8237849.573330203 4970875.312762136, -8237257.431562827 4971287.375780457, -8237123.336104216 4971104.732267672, -8235744.054217441 4968152.461432701, -8236080.250211586 4967917.13522041, -8236209.948550308 4967866.684789672))"
12,gdf_nodes12,0,15 mins,"POLYGON ((-8236527.465133899 4970699.800193632, -8236603.095595943 4970729.923507574, -8236748.512246767 4971111.694249758, -8236807.544972735 4971758.680838625, -8236800.030907107 4971841.701741503, -8236754.868589691 4971945.258526814, -8236740.897993596 4971951.163499972, -8236500.381101789 4971940.99872252, -8236206.108027876 4971884.108479682, -8236190.857257638 4971875.853326065, -8235959.346112634 4971747.032703944, -8235754.017311867 4971525.882353764, -8235546.150426709 4971284.71725371, -8235540.462000729 4971270.998679661, -8235559.976307466 4971258.190777795, -8236527.465133899 4970699.800193632))"
13,gdf_nodes13,0,15 mins,"POLYGON ((-8231345.720948657 4983168.371078781, -8232473.242675056 4983174.179899094, -8232728.264496513 4983437.90398257, -8233024.274154481 4983754.241104232, -8233529.720302429 4984496.989785744, -8233515.148581084 4984737.437037565, -8233385.116283887 4985529.639983364, -8233088.01569491 4986196.294052104, -8232427.189801714 4986939.258071396, -8231601.143520283 4986610.710474089, -8230594.436837243 4984951.767781221, -8230207.334439957 4983399.035372663, -8230287.58466087 4983316.475017516, -8230434.314881685 4983265.577362428, -8230603.587299385 4983238.812449473, -8231131.007914815 4983170.621077126, -8231345.720948657 4983168.371078781))"
14,gdf_nodes14,0,15 mins,"POLYGON ((-8221197.936355483 4987448.570645027, -8221388.114573556 4987452.542972728, -8222178.850312508 4987677.188092771, -8222253.823989555 4987958.307064808, -8221618.412336108 4989071.872041383, -8221519.738739468 4989108.879759473, -8221002.615176938 4989180.806095957, -8220546.539223157 4989121.063643313, -8220336.657455216 4989084.335459981, -8220277.769444588 4989053.257874429, -8220230.892807015 4989011.379807351, -8220011.092472442 4988532.929032205, -8219871.542358785 4988125.522773239, -8220054.395754361 4987979.699922064, -8220730.260910763 4987637.110871203, -8221043.513957855 4987486.248973981, -8221197.936355483 4987448.570645027))"
15,gdf_nodes15,0,15 mins,"POLYGON ((-8227664.351992276 4984305.127482926, -8228200.956465696 4984417.082244902, -8228427.959171322 4984504.343724458, -8228750.006458187 4984782.620837885, -8229184.820389226 4985722.673721666, -8228743.772566702 4986219.051119191, -8228552.826244144 4986323.701948108, -8227131.665964932 4986820.168770765, -8226988.264196892 4986845.825441023, -8226769.855355956 4986514.235830702, -8226654.194405022 4985897.720952748, -8226688.703447167 4985782.983757607, -8226797.462589673 4985440.986661116, -8227374.654149435 4984562.734194553, -8227527.050532332 4984406.448546388, -8227664.351992276 4984305.127482926))"
16,gdf_nodes16,0,15 mins,"POLYGON ((-8227482.634055506 4983790.066819288, -8228087.889258899 4985278.612107269, -8228186.930209857 4985924.449029016, -8228235.643619028 4986414.437508427, -8228239.417349764 4986518.222488896, -8227808.766767683 4987033.441893058, -8227160.475449149 4987454.749822147, -8226892.752073792 4987624.972978656, -8226628.646581884 4987723.135858867, -8226449.03258349 4987772.394223134, -8226115.363541787 4987753.620695351, -8225717.218251015 4987557.133471856, -8225234.937689101 4986304.210388722, -8225222.558961727 4986111.665295484, -8225264.248111027 4985993.821746927, -8225395.260019742 4985773.701871708, -8225844.011151029 4985092.088427013, -8226104.944037449 4984696.724729997, -8227482.634055506 4983790.066819288))"
17,gdf_nodes17,0,15 mins,"POLYGON ((-8226849.894069836 4984320.43808857, -8227160.252810168 4984503.755409155, -8227463.186540463 4985048.065181194, -8227575.541302522 4985352.260598515, -8227770.060980733 4986013.636309711, -8227775.649219172 4986150.618263148, -8227742.553934558 4986324.716981324, -8227574.138676937 4986785.655948048, -8226993.596400501 4987384.130888276, -8225984.273709428 4987892.451493397, -8225745.370950236 4987802.084719354, -8225590.536670493 4987690.885595022, -8224932.872250834 4986237.159721813, -8224939.21746181 4986186.644012529, -8225104.204079115 4985972.330273316, -8225180.391138612 4985886.806151243, -8225875.236268196 4985116.828607555, -8226849.894069836 4984320.43808857))"
18,gdf_nodes18,0,15 mins,"POLYGON ((-8215917.318198519 4969563.157195736, -8217302.577941951 4970029.518045419, -8217797.548925815 4970586.122604456, -8216475.362805866 4971473.180683788, -8216074.278680538 4971637.396968818, -8215248.844656305 4971850.382842654, -8214339.141777544 4971245.20663753, -8214242.961737498 4971055.029147185, -8214619.611234597 4970038.476573962, -8214798.401468761 4969678.952301758, -8215917.318198519 4969563.157195736))"
19,gdf_nodes19,0,15 mins,"POLYGON ((-8227160.252810168 4984503.755409155, -8227727.670518639 4985267.109636953, -8227864.905186889 4986046.440017333, -8227886.245133274 4986729.929619049, -8227862.545213684 4986925.223259226, -8227808.766767683 4987033.441893058, -8227070.484772793 4987703.317823701, -8226782.835208583 4987846.326374693, -8226338.15837066 4987993.530267406, -8225727.737942896 4988116.429931584, -8225263.813965014 4987848.901136337, -8225222.558961727 4986111.665295484, -8225264.248111027 4985993.821746927, -8225395.260019742 4985773.701871708, -8226148.570145891 4985006.071925977, -8226337.601773206 4984824.245422403, -8226632.041826354 4984677.604123932, -8227160.252810168 4984503.755409155))"
0,gdf_nodes0,0,15 mins,"POLYGON ((-8237504.271401712 4970195.105288501, -8237579.267342659 4970232.731800699, -8237691.299278193 4970302.448441528, -8237707.496264104 4970312.817127013, -8237861.885265885 4970419.853151755, -8237920.417054144 4970934.370879605, -8237925.827181397 4971112.399260878, -8237921.91986727 4971129.319543025, -8237887.355165378 4971170.254409234, -8237239.408937267 4971657.54964033, -8237171.259145004 4971627.42346818, -8237166.717309779 4971616.260210017, -8236954.831791003 4970858.701353935, -8237020.844249043 4970694.630331435, -8237025.141181387 4970684.672479558, -8237493.128320683 4970197.851637147, -8237504.271401712 4970195.105288501))"
1,gdf_nodes1,0,15 mins,"POLYGON ((-8227874.589982589 4987213.470575276, -8228733.865132021 4988581.043791713, -8228712.603109281 4988899.166308864, -8228311.073705987 4990166.329794862, -8228221.684154882 4990304.282510708, -8227560.112421098 4990824.602854197, -8227130.419186635 4991093.493743747, -8226819.72648783 4991232.872508778, -8226706.514565695 4991181.948251695, -8226473.856829937 4991076.126729941, -8225964.124881595 4990580.296816849, -8225930.172436903 4990401.04483449, -8225840.782885795 4989462.454016509, -8226261.615088791 4988252.102483271, -8227874.589982589 4987213.470575276))"
2,gdf_nodes2,0,15 mins,"POLYGON ((-8236166.700928136 4968119.64434097, -8237976.243778776 4969999.705296422, -8237914.917871298 4970562.03604982, -8237852.801595436 4971062.945791599, -8237804.811762954 4971113.926785144, -8237228.555286914 4971409.316276049, -8237220.462359933 4971412.503611257, -8237141.202882489 4971380.116221244, -8237060.640967002 4971318.352811151, -8236920.500860043 4970991.754972853, -8236119.312220906 4968160.361044381, -8236166.700928136 4968119.64434097))"
3,gdf_nodes3,0,15 mins,"POLYGON ((-8227454.592675774 4992529.381826323, -8228255.970558046 4993022.013434546, -8228404.637738001 4993205.494379781, -8228494.36124758 4994246.413713264, -8228474.16789195 4994348.574248916, -8227905.581328825 4995249.308746668, -8227748.409339773 4995432.036512692, -8227328.846178974 4995800.005562511, -8226786.798182456 4995752.723927368, -8226503.178383812 4995626.194040379, -8226137.838946977 4995063.27154773, -8226113.871860609 4994927.975335924, -8226130.41393694 4994841.930926029, -8226408.623608331 4993475.422561782, -8226577.829234337 4993219.862096406, -8227339.287947211 4992547.575750021, -8227454.592675774 4992529.381826323))"
4,gdf_nodes4,0,15 mins,"POLYGON ((-8229526.315191132 4983392.005803293, -8230338.123709691 4983714.018218795, -8230365.630755865 4983729.41613744, -8230469.859195096 4983904.545273023, -8231218.026360768 4986138.658744068, -8229296.596289931 4986911.791639234, -8228506.394884535 4986788.230429756, -8228301.2775908 4986539.538633594, -8227863.903311473 4985796.369694185, -8227806.963391931 4983657.279966062, -8227933.255354237 4983598.821380357, -8229526.315191132 4983392.005803293))"
5,gdf_nodes5,0,15 mins,"POLYGON ((-8234169.050401952 4949844.936880538, -8235263.187413063 4950522.222413116, -8233927.598426423 4953878.562075292, -8233868.587964352 4953887.593807293, -8233745.847093803 4953905.188114314, -8232907.010202881 4952704.302537174, -8232604.777785376 4952066.020852151, -8232409.189440052 4951439.653898061, -8232396.832976575 4951349.652667418, -8232559.381697032 4951041.192177315, -8233655.967736938 4950150.692287239, -8234042.190710244 4949864.487822925, -8234169.050401952 4949844.936880538))"
6,gdf_nodes6,0,15 mins,"POLYGON ((-8231470.599153429 4954128.081395206, -8231588.764792906 4954217.345696342, -8232262.102996866 4955177.061609485, -8232770.777410047 4956221.798508033, -8232925.934516315 4956557.011346586, -8232871.666264553 4956923.959143253, -8232685.595735692 4958128.88241017, -8232616.744630637 4958386.064351113, -8232407.408328199 4958421.811899316, -8232300.096339075 4958436.920668394, -8231186.790111652 4958557.791660091, -8230471.261820679 4957036.686154256, -8230443.398552135 4954982.019831043, -8231258.26835669 4954171.848366356, -8231470.599153429 4954128.081395206))"
7,gdf_nodes7,0,15 mins,"POLYGON ((-8236925.209674503 4952498.285764132, -8237706.82834716 4952839.777820985, -8237719.084623096 4952847.928974502, -8239430.788773279 4954095.545873968, -8240118.041913588 4956734.954378922, -8239727.254841159 4957086.626130746, -8237405.319506346 4956328.225911688, -8236744.527008995 4956069.67546943, -8235802.986755867 4954643.151121594, -8235654.25278422 4954344.220288251, -8235345.975718364 4953672.88715856, -8235400.121518685 4953306.706173665, -8235456.081826709 4952964.127630259, -8235615.168511 4952620.417578848, -8235724.272743926 4952502.669054645, -8236925.209674503 4952498.285764132))"
8,gdf_nodes8,0,15 mins,"POLYGON ((-8236754.946513334 4972775.882387904, -8237316.319573456 4972813.136886533, -8237699.202962039 4972938.005129615, -8238104.728735051 4973090.772576827, -8238115.582385402 4973097.265870581, -8238328.146953072 4973250.035806997, -8237848.727302074 4973719.040766996, -8237837.684408587 4973723.374804509, -8237654.541582334 4973738.463146707, -8237350.750691959 4973569.495612594, -8237055.754041356 4973283.413689555, -8236679.516426373 4972916.571749547, -8236612.190398342 4972810.037236317, -8236737.313505993 4972778.262205728, -8236754.946513334 4972775.882387904))"
9,gdf_nodes9,0,15 mins,"POLYGON ((-8231595.555281843 4976382.176902687, -8231871.805730198 4976425.676134998, -8232045.753566511 4977070.633761154, -8231968.809534474 4977437.940330969, -8231670.195000422 4977873.826165927, -8231657.827404993 4977884.673220664, -8230229.887768793 4978785.873316053, -8230207.134064875 4978795.104462292, -8230080.530407996 4978567.606287249, -8229967.162638571 4977900.64986658, -8230026.273288184 4977764.900651316, -8230034.254895672 4977755.920339917, -8230101.39168057 4977688.193478317, -8230169.441285291 4977620.908011815, -8231595.555281843 4976382.176902687))"
10,gdf_nodes10,0,15 mins,"POLYGON ((-8230471.61804305 4981817.289264865, -8230709.697038009 4981829.55227061, -8230731.10377609 4981831.081471448, -8231327.041538103 4981930.435927678, -8231509.438523768 4982022.851036537, -8231658.539849736 4982128.147981014, -8232252.028582951 4982821.127550987, -8232355.53344549 4982987.196443834, -8232452.370270532 4983163.165202247, -8232390.999835256 4983378.196684896, -8232208.602849592 4983649.044269903, -8232139.774008434 4983731.960399495, -8231722.459501349 4983740.578540644, -8230570.302771638 4983720.150911274, -8230443.81043425 4983531.21574942, -8230353.919945435 4983353.475617581, -8230024.670287514 4982674.310473755, -8229919.150542191 4982385.682537262, -8229959.915739721 4982275.148002886, -8230098.898123976 4982084.873313788, -8230471.61804305 4981817.289264865))"
11,gdf_nodes11,0,15 mins,"POLYGON ((-8221631.158417805 4991286.313828747, -8222685.420787312 4991402.911413038, -8222882.27817483 4992186.809535652, -8223090.412226765 4993138.013502244, -8223098.538549594 4993403.876733103, -8223092.415977602 4993665.62513757, -8222964.443090984 4993966.659215059, -8222641.015442433 4994632.594704359, -8222495.498604069 4994870.273670498, -8221451.344044325 4994797.201089733, -8220937.827233297 4994538.514128112, -8220601.865010083 4993797.09085194, -8220598.302786376 4993512.078961418, -8220721.644782175 4992993.896874717, -8221130.376556521 4991409.461053621, -8221631.158417805 4991286.313828747))"
12,gdf_nodes12,0,15 mins,"POLYGON ((-8238344.410730678 4958298.008883079, -8239468.73758769 4958370.662288084, -8240832.512669398 4958879.192536796, -8241073.374651628 4959157.812064475, -8241048.951155347 4960074.62939457, -8240754.288463217 4960499.677156549, -8240742.655576428 4960515.449364264, -8240361.831598424 4960984.460409361, -8239438.915096106 4961583.558374917, -8239410.027688245 4961563.279710595, -8239317.610246988 4961493.185114109, -8237773.453062397 4958389.834193084, -8237838.686284003 4958306.956678941, -8238344.410730678 4958298.008883079))"
13,gdf_nodes13,0,15 mins,"POLYGON ((-8230316.817159154 4981982.723509493, -8231397.929789839 4982223.814643786, -8231973.663064272 4982460.015031883, -8232656.463424952 4982798.701923043, -8232673.005501284 4982807.628052061, -8232953.742125114 4983033.0044856, -8233092.479606491 4983156.224037854, -8233026.322433112 4983821.392367556, -8232836.066291397 4984483.355598026, -8232433.735387772 4984637.936339905, -8232243.412454363 4984653.350424446, -8232049.293526319 4984666.278859545, -8231205.001980346 4984676.000936355, -8230677.1694828 4984384.048691022, -8230481.514345782 4984274.638711532, -8230226.503656273 4983853.218051014, -8229948.92850598 4983256.591990608, -8229810.191024603 4982557.611295256, -8229801.797534999 4982436.281509183, -8229823.026161892 4982322.026138667, -8230117.566402583 4982112.840813801, -8230131.525866728 4982103.283036645, -8230316.817159154 4981982.723509493))"
14,gdf_nodes14,0,15 mins,"POLYGON ((-8234481.334969475 4964591.971818544, -8235858.390466435 4964694.791359323, -8237012.584342826 4965403.372869243, -8237403.482734747 4965689.899619129, -8237575.638327261 4965864.015802386, -8237626.800765228 4965993.933361072, -8237715.288628459 4966581.373101229, -8237662.589981519 4967018.815843816, -8237555.79006205 4967293.453438254, -8237450.00314995 4967521.526249913, -8237351.886150763 4967553.005237656, -8237145.778113562 4967588.771598535, -8235968.975248589 4967717.419992527, -8234731.547788931 4967205.684849515, -8234317.31683174 4966651.181168022, -8234023.656015027 4966212.521711636, -8233721.534917014 4965701.951571118, -8233417.632707148 4965102.073037803, -8233437.937382268 4964986.493561229, -8233582.385553521 4964748.850945924, -8233890.406584548 4964694.982174607, -8234481.334969475 4964591.971818544))"
15,gdf_nodes15,0,15 mins,"POLYGON ((-8233737.78756267 4957750.008638314, -8234450.499470526 4957949.080556083, -8235271.436187329 4960154.484911772, -8235365.601344591 4960468.719687829, -8235218.893387674 4961252.252522165, -8233276.702231806 4961506.978024146, -8232724.780196453 4960930.773748139, -8233335.122700573 4958640.099204899, -8233548.555560271 4957898.344115056, -8233634.705714196 4957770.396749266, -8233737.78756267 4957750.008638314))"
16,gdf_nodes16,0,15 mins,"POLYGON ((-8256396.480295422 4942431.197735084, -8257007.468452591 4942450.880357332, -8257501.971894593 4942783.733535682, -8257569.876783976 4944072.064327644, -8257581.465142968 4944369.276017388, -8257380.299691156 4944800.835622774, -8257370.481312067 4944810.444931889, -8256164.980282368 4945167.065352585, -8255713.023149749 4945290.497563321, -8255399.224637152 4945203.819452856, -8255144.97092018 4945031.696017539, -8254633.357672444 4944067.21609171, -8254507.555515898 4943750.020699919, -8254544.491322943 4943709.053793656, -8255134.952166009 4943167.829200544, -8255316.625574984 4943007.457986329, -8256396.480295422 4942431.197735084))"
17,gdf_nodes17,0,15 mins,"POLYGON ((-8249643.661872718 4955753.572727213, -8250216.75687522 4956494.490796254, -8250669.326265039 4957114.243560406, -8250639.448113711 4957141.1717293, -8249862.749762549 4957728.593833664, -8249763.786735233 4957743.994887077, -8249052.677828046 4957131.344992425, -8248805.882516957 4956498.78787972, -8249007.259475802 4956226.30078762, -8249449.309173742 4955801.643736992, -8249643.661872718 4955753.572727213))"
18,gdf_nodes18,0,15 mins,"POLYGON ((-8215876.675452432 4968518.331741647, -8216922.522068434 4968735.904565961, -8217077.245028689 4968827.196433926, -8217252.328323807 4969119.051254178, -8217283.108163011 4969235.266964175, -8217250.48042026 4969354.773515372, -8216760.118063315 4970047.053271271, -8216507.756777687 4970170.123831687, -8215712.189772835 4970507.356853647, -8215112.645259321 4970216.50333018, -8214891.286451878 4969918.550460861, -8214896.396016505 4969639.815311639, -8215184.501990628 4969222.168030658, -8215876.675452432 4968518.331741647))"
19,gdf_nodes19,0,15 mins,"POLYGON ((-8223339.255816486 4972761.206857432, -8224389.733323305 4972891.289529562, -8224708.218386463 4973120.903259173, -8224918.935050586 4973855.541834119, -8224924.456497332 4975160.706420991, -8224867.405258298 4975485.077811526, -8224789.080864577 4975681.131190703, -8221767.714037159 4975252.469738008, -8222065.604994523 4973827.994645716, -8222593.593339355 4973282.502847935, -8223098.148931376 4972767.1123235, -8223339.255816486 4972761.206857432))"
0,gdf_nodes0,0,15 mins,"POLYGON ((-8219842.721742618 4987975.153568144, -8220892.186242071 4988275.879582886, -8221031.892203017 4988400.651451777, -8221179.72448679 4988536.754661891, -8221720.236274338 4989184.278821209, -8221907.753956579 4989548.097786893, -8222122.489254318 4990774.710943161, -8222047.905195488 4991269.181960868, -8221653.823066129 4991353.487525531, -8221119.979316082 4991345.289483839, -8219631.125654518 4991017.196856041, -8219618.568815957 4990948.68617415, -8219366.886579222 4989281.16246821, -8219489.950276294 4988729.671341426, -8219842.721742618 4987975.153568144))"
1,gdf_nodes1,0,15 mins,"POLYGON ((-8219632.283377223 4976594.399145266, -8220039.234039715 4976751.88246234, -8220700.56087062 4977056.716006091, -8220418.855767219 4977305.621956205, -8220056.221394009 4977549.933958014, -8219036.679573682 4978052.069201048, -8218054.685817598 4978007.622047602, -8217894.797632971 4977871.886043587, -8217886.738101838 4977424.315997015, -8217894.352355009 4977411.544119764, -8217902.211511059 4977398.595893014, -8218107.907666146 4977137.827256737, -8218315.117766308 4977006.144900385, -8218664.17116164 4976805.200457727, -8219632.283377223 4976594.399145266))"
2,gdf_nodes2,0,15 mins,"POLYGON ((-8236156.971604641 4969643.090183232, -8236491.820632946 4969644.63216351, -8236717.50976858 4969650.844143663, -8237007.274403117 4970011.248547072, -8236989.563472131 4970100.261272176, -8236982.739587345 4970108.61773031, -8236801.3222132 4970297.690011646, -8236346.760204495 4970590.220262033, -8236115.794524997 4970670.146958657, -8236105.441812352 4970673.466236555, -8235518.665644431 4970303.902406676, -8235383.022844901 4970217.164217593, -8235381.397580335 4970201.552600179, -8235495.967600259 4969994.697350951, -8235506.754458917 4969984.211514488, -8235927.820432842 4969698.058258898, -8236136.132595965 4969645.953861082, -8236156.971604641 4969643.090183232))"
3,gdf_nodes3,0,15 mins,"POLYGON ((-8226737.227613205 4977183.637260482, -8227415.552930353 4977428.313642116, -8227598.428589828 4977526.447524052, -8228620.052084635 4978082.80311491, -8228727.508789097 4978228.566375318, -8228695.181608971 4978730.898199087, -8228351.983618855 4979513.852420269, -8228195.21237997 4979837.192328662, -8227567.570826981 4980220.362878444, -8227553.321932158 4980222.171154481, -8226129.089235001 4980358.395578909, -8225702.435022638 4980372.89140441, -8225588.109905592 4980268.907120475, -8225442.414956043 4977813.168129296, -8226370.496682735 4977286.001423431, -8226737.227613205 4977183.637260482))"
4,gdf_nodes4,0,15 mins,"POLYGON ((-8225204.146717948 4974105.820780525, -8225424.559309719 4974179.4732109, -8226368.73783478 4975638.619806924, -8226503.991016094 4975855.013933419, -8226738.35194006 4978095.766946886, -8225362.866047921 4978313.788254618, -8225254.574447277 4978325.679396924, -8225076.774956584 4978269.281116231, -8224706.671045542 4978132.909449642, -8224640.113121998 4978062.093355534, -8224309.449706545 4977553.049809566, -8223705.073927131 4976239.159845948, -8223564.110055939 4974599.683211718, -8224192.96499138 4974306.621561319, -8224314.937757441 4974258.694637333, -8224797.719257062 4974130.650682067, -8225204.146717948 4974105.820780525))"
5,gdf_nodes5,0,15 mins,"POLYGON ((-8233199.769331717 4959207.454789879, -8234511.714058513 4960920.855173364, -8234516.467400769 4961268.656879595, -8233603.224562199 4962750.987671542, -8232804.373632369 4963289.361591212, -8232468.300089663 4963396.49691119, -8231244.564927373 4963177.090904686, -8230942.532884952 4963090.430556085, -8230637.428424587 4963001.86315179, -8230027.887420799 4962794.382285918, -8230007.749724914 4962515.483156702, -8230728.599087548 4960799.33877556, -8230802.29259045 4960629.01000984, -8231269.389173821 4959577.039881732, -8231365.791852848 4959427.696074187, -8231562.515656978 4959223.195576575, -8233199.769331717 4959207.454789879))"
6,gdf_nodes6,0,15 mins,"POLYGON ((-8246946.179103764 4955224.117981119, -8247689.448211842 4956157.520259951, -8247596.696812114 4956499.682494603, -8246365.87059826 4957409.621460303, -8246063.304222283 4957430.698221732, -8245891.538247989 4957348.899520162, -8245875.908991482 4957337.371194329, -8245670.034725209 4957014.554246086, -8245396.077458367 4956405.103088088, -8245281.641021831 4956081.964893568, -8245271.466420371 4955852.765270963, -8245642.405227593 4955472.08782338, -8245676.580311268 4955449.284894034, -8246050.179654319 4955308.949063057, -8246946.179103764 4955224.117981119))"
7,gdf_nodes7,0,15 mins,"POLYGON ((-8229637.779397263 4986114.107206558, -8229963.834185796 4987054.803298697, -8230000.502826064 4987166.804326741, -8230043.872899677 4987302.081156529, -8230066.481888257 4987448.011576814, -8230163.140602113 4988140.721668265, -8230116.809430045 4989060.541674659, -8229918.170930673 4990017.768646202, -8229708.233502986 4990174.26194956, -8228818.056062909 4990557.176363747, -8227699.428763825 4990012.632694512, -8227554.334939525 4989483.099688229, -8227533.039520937 4988284.884291684, -8227576.142427772 4987915.10952633, -8227678.111081338 4987407.376230897, -8227874.589982589 4987213.470575276, -8228055.929433091 4987074.119816658, -8228212.221998164 4986969.843439559, -8229521.339209894 4986142.159807175, -8229637.779397263 4986114.107206558))"
8,gdf_nodes8,0,15 mins,"POLYGON ((-8229050.079277569 4965757.44065244, -8229429.901380156 4965809.539020784, -8230113.959651079 4965925.788817428, -8230456.367272811 4965984.185814322, -8230472.564258722 4966091.424042896, -8230228.006469398 4966678.722826256, -8228912.599706439 4968649.385859764, -8228651.043430871 4968825.096579231, -8228441.76278818 4968924.950308569, -8228026.54108752 4969119.374318427, -8227425.081878765 4969383.5563387, -8226966.746139322 4969457.907462646, -8226288.064599803 4969425.555916569, -8225985.275584846 4969306.16598055, -8225896.553950682 4969033.909511716, -8225802.110494694 4968529.608934522, -8225904.023488514 4968307.165769616, -8226490.220795082 4967238.087781463, -8227039.037016644 4966549.045748823, -8227232.387840203 4966350.958632826, -8227722.304919183 4966043.845650221, -8227961.64182439 4965896.898727625, -8229050.079277569 4965757.44065244))"
9,gdf_nodes9,0,15 mins,"POLYGON ((-8228145.196532758 4993298.502166467, -8228620.141140227 4994277.154514077, -8228712.213491063 4994481.653976042, -8227801.375153493 4995218.152605682, -8227292.967907091 4995629.227322299, -8227251.456868975 4995644.953284484, -8226671.337606605 4995687.272151461, -8226476.528497715 4994475.440898224, -8226538.533454088 4994295.881716126, -8226663.879200721 4994163.231476925, -8227034.461785572 4993865.253504923, -8227760.966178336 4993429.109090925, -8228145.196532758 4993298.502166467))"
10,gdf_nodes10,0,15 mins,"POLYGON ((-8221584.804981838 4984559.424901642, -8221610.742423192 4984568.749756535, -8222224.892053899 4985109.591877626, -8222631.642341308 4985663.952698503, -8222831.12686881 4986272.170762889, -8222836.21416954 4986299.517709674, -8222878.938590107 4986541.509901225, -8222056.654907463 4986786.391514179, -8221243.388103575 4986560.928379784, -8220871.603268224 4986427.20645851, -8220837.661955481 4986412.834035462, -8220822.277601854 4986329.159591712, -8220688.883456034 4985382.576226451, -8220963.163549401 4985004.586353535, -8221358.058311042 4984610.858794247, -8221584.804981838 4984559.424901642))"
11,gdf_nodes11,0,15 mins,"POLYGON ((-8228438.590182693 4983133.900580753, -8228804.441689185 4983249.22428601, -8229466.213798052 4983574.99684963, -8229821.178258345 4984520.110587742, -8229646.573637036 4984941.192334232, -8229351.977736601 4985214.966255516, -8229043.77859439 4985443.634334533, -8227977.560511572 4985533.523273233, -8226846.565617061 4984294.832180439, -8226844.572998177 4984279.433369701, -8227184.075181198 4983381.46145873, -8227453.357029427 4983300.577743954, -8228438.590182693 4983133.900580753))"
12,gdf_nodes12,0,15 mins,"POLYGON ((-8230396.755685491 4982398.313874769, -8233353.657395791 4982687.059825901, -8233667.110817966 4983234.650659162, -8233285.841562 4984625.213855266, -8233244.141280749 4984698.475002731, -8233239.688501115 4984706.240922518, -8232710.475641884 4984965.961549365, -8232418.273110501 4984989.951270752, -8232063.219594616 4984911.819421284, -8231606.453459993 4984774.090026231, -8231593.173044742 4984766.765300795, -8231325.2492943 4984500.357888987, -8231058.995336221 4984111.945295628, -8230930.899998165 4983921.193587534, -8230818.189013737 4983738.284290723, -8230294.24156642 4982582.771496641, -8230396.755685491 4982398.313874769))"
13,gdf_nodes13,0,15 mins,"POLYGON ((-8248405.27706544 4956891.678332052, -8248467.860883162 4956980.850481986, -8248649.589951882 4958131.082649088, -8248592.79474768 4958506.494650467, -8248296.595846578 4959253.709009605, -8247780.518687258 4959920.187180278, -8247537.819933432 4960232.800582116, -8246621.1150587 4959945.054456917, -8246419.415273331 4959678.559762442, -8246364.089486407 4959590.375308905, -8246215.455702299 4959076.952466589, -8246163.269125015 4958655.252317859, -8246531.358153271 4957763.400248856, -8247016.789056775 4957351.304923188, -8247497.210583191 4957065.344776303, -8248405.27706544 4956891.678332052))"
14,gdf_nodes14,0,15 mins,"POLYGON ((-8230621.097855287 4983628.513886168, -8231090.376300675 4983630.278673903, -8231722.459501349 4983740.578540644, -8231740.21496013 4983750.093800885, -8231988.09007028 4984009.641911355, -8232207.445126887 4984382.886782661, -8232422.547778947 4984871.018135581, -8232263.416566858 4985641.241054854, -8231913.583935092 4986047.616834006, -8231493.742475566 4986421.837024698, -8230747.645852421 4986255.1065423, -8229936.872605125 4985941.277310525, -8229821.078070804 4985864.800065657, -8229761.254976451 4985695.298972257, -8229659.820656439 4985320.841881178, -8229809.879330031 4984272.329628529, -8230226.503656273 4983853.218051014, -8230345.682303115 4983736.048868239, -8230493.848545361 4983678.075129781, -8230621.097855287 4983628.513886168))"
15,gdf_nodes15,0,15 mins,"POLYGON ((-8227537.347585231 4988323.742942477, -8228851.307194809 4988475.839044414, -8229570.787327705 4989122.314405194, -8228990.478822199 4990289.78664072, -8228818.056062909 4990557.176363747, -8228236.767945885 4991398.010224201, -8227452.822695872 4992125.282336899, -8226880.774096582 4992496.085267488, -8226488.217044248 4992596.446328068, -8226041.959469558 4992336.139722698, -8226114.072235693 4990964.124951746, -8226181.197888641 4989775.013268461, -8227537.347585231 4988323.742942477))"
16,gdf_nodes16,0,15 mins,"POLYGON ((-8230021.275043045 4962957.689816372, -8230632.396783601 4963067.62455631, -8231847.872039677 4963409.426609248, -8232150.705582431 4963504.954272093, -8232958.896217539 4963903.086744786, -8232929.051462057 4964014.587874541, -8232822.518709369 4964400.103610126, -8232406.92965439 4965054.86642169, -8231326.273433615 4965263.187880462, -8230691.574224908 4965331.254414227, -8230358.862530826 4965338.623301796, -8228830.490450029 4964972.255391481, -8228035.880792798 4964728.85928556, -8227935.670987186 4964464.802934442, -8227905.41434959 4964252.462175782, -8227967.096479438 4963980.184863138, -8228330.331977895 4963619.283427368, -8228696.940456927 4963353.026246828, -8230021.275043045 4962957.689816372))"
17,gdf_nodes17,0,15 mins,"POLYGON ((-8223564.110055939 4974599.683211718, -8223921.746184009 4974693.674613692, -8224514.522472483 4975217.498188102, -8224946.809451081 4976066.930821765, -8224514.555868332 4977526.917840075, -8223646.7981737 4978224.098053075, -8221543.204888129 4976062.154889528, -8221498.387661136 4975945.373051403, -8221803.336274214 4975343.866564466, -8222092.933929512 4975124.442148331, -8222545.436527639 4974814.599694905, -8222915.328931646 4974665.728349711, -8223564.110055939 4974599.683211718))"
18,gdf_nodes18,0,15 mins,"POLYGON ((-8235540.94067454 4975577.799313643, -8235769.891471253 4975586.483733946, -8236297.467933971 4975642.910612242, -8236597.262454626 4975684.657895211, -8236969.236533111 4975759.365551477, -8237167.296171132 4976001.581576152, -8237911.789793608 4977013.743041666, -8238033.718031875 4977536.632810445, -8237181.021864346 4978527.169581482, -8236930.052072353 4978789.533435095, -8236614.260940869 4978732.441613925, -8236212.219467921 4978627.298873171, -8235878.004960713 4978486.100993874, -8235320.450159125 4978002.330733286, -8235046.370440844 4977744.808869485, -8234671.056777634 4977151.318919834, -8234386.724534249 4976392.41977881, -8234398.33515714 4976034.248796758, -8235316.988122962 4975583.926898739, -8235540.94067454 4975577.799313643))"
19,gdf_nodes19,0,15 mins,"POLYGON ((-8225467.11675105 4962140.386997896, -8225671.465940299 4962258.867757272, -8228083.057992997 4964073.516521906, -8228367.790986548 4964417.658103203, -8228550.889285005 4964763.044756012, -8228324.988642338 4965046.822530957, -8227759.930907072 4965290.931137686, -8225880.412624517 4965951.49343551, -8225431.884132215 4965793.273848105, -8225318.471834993 4965689.473910984, -8224733.710549857 4964705.256849247, -8225217.393737352 4962516.701167722, -8225297.577166571 4962235.652811346, -8225389.304426985 4962183.661510803, -8225467.11675105 4962140.386997896))"
0,gdf_nodes0,0,15 mins,"POLYGON ((-8209845.040350829 4966091.58552503, -8210120.767597576 4967925.00527614, -8210216.713866692 4970121.380067673, -8209910.997149125 4970206.678142566, -8209678.328281418 4970231.924048133, -8209281.34071335 4970092.874110386, -8207852.332410039 4968442.284448457, -8208025.400822375 4966938.24363413, -8208223.360272852 4966722.678064033, -8208415.052435998 4966521.401689785, -8208609.171364044 4966317.912695601, -8209845.040350829 4966091.58552503))"
1,gdf_nodes1,0,15 mins,"POLYGON ((-8211801.881151688 4952307.226045904, -8212613.990232873 4952325.022750271, -8213610.67816174 4952350.090650611, -8213622.322180478 4952415.267491506, -8212206.260333944 4955377.796954686, -8211825.547675431 4955454.0507752, -8211589.5614869 4955406.245426017, -8210309.877148536 4954958.646165158, -8210226.109231714 4954917.793706094, -8210080.759372585 4954668.694170245, -8209915.884074771 4953859.633586033, -8210045.092607735 4953588.949925833, -8210639.104542555 4952847.093334351, -8211095.892941077 4952443.853961955, -8211462.757454935 4952340.825781728, -8211686.38717999 4952315.625969061, -8211801.881151688 4952307.226045904))"
2,gdf_nodes2,0,15 mins,"POLYGON ((-8256478.968038102 4956531.815355484, -8256366.980630362 4957581.669001534, -8256169.444193951 4957931.449649703, -8255475.222453516 4958957.101932276, -8254916.298422192 4959036.625605331, -8254348.390907961 4958962.999072362, -8254218.124839836 4958145.457555535, -8254155.841584736 4957451.907033705, -8254157.010439389 4957195.482961812, -8254165.96052645 4956950.241463369, -8254343.348135029 4956806.569551939, -8256187.277576375 4956562.115082596, -8256478.968038102 4956531.815355484))"
3,gdf_nodes3,0,15 mins,"POLYGON ((-8225738.591593247 4985734.294406916, -8225830.764131624 4985807.254974833, -8226336.933856262 4986761.823635337, -8226350.848792611 4987332.343995011, -8226261.615088791 4988252.102483271, -8225723.685913429 4989372.190416907, -8225522.409142127 4989566.345010424, -8224625.953282768 4989815.629047954, -8223994.092721076 4989368.187876895, -8223847.585139243 4989075.992177999, -8223746.685152789 4988382.170989369, -8224157.977275424 4987499.445986558, -8224400.419994421 4987068.264539087, -8225098.738292117 4986243.205737156, -8225222.558961727 4986111.665295484, -8225476.968525986 4985863.917469677, -8225738.591593247 4985734.294406916))"
4,gdf_nodes4,0,15 mins,"POLYGON ((-8232470.303840498 4962415.445347533, -8233275.255078424 4962574.813676716, -8233486.183249579 4962789.466078821, -8235419.758276861 4964822.667790173, -8235556.748042231 4965245.969485782, -8235474.148980064 4965439.072655307, -8235413.145899108 4965525.166630792, -8234742.668606061 4965590.533969258, -8233368.874770181 4965604.332654807, -8231426.58342677 4964974.002134902, -8231126.009669678 4964844.699928936, -8230832.193005679 4964593.982697137, -8230547.148317553 4964310.423539016, -8230279.87022016 4963665.514466288, -8230310.594399618 4963241.371218598, -8230315.269818231 4963176.973498107, -8230320.167875826 4963109.582353698, -8230954.91161233 4962893.264611485, -8232470.303840498 4962415.445347533))"
5,gdf_nodes5,0,15 mins,"POLYGON ((-8229570.787327705 4989122.314405194, -8228784.727007365 4990794.579372719, -8228273.659225133 4991591.145421729, -8227454.592675774 4992529.381826323, -8226555.899294651 4993055.723971824, -8226388.407988804 4993134.627693908, -8226220.404613299 4992816.249197886, -8226292.183420961 4992130.272207689, -8226473.856829937 4991076.126729941, -8226758.678879079 4990016.54720186, -8227550.327437856 4989543.859726959, -8228229.921797201 4989265.858790459, -8229570.787327705 4989122.314405194))"
6,gdf_nodes6,0,15 mins,"POLYGON ((-8218267.428496453 4991850.990566283, -8218888.557859232 4992014.21053503, -8219088.042386733 4992243.877095588, -8219255.511428682 4992857.966964365, -8219556.597255431 4994240.083004831, -8219555.996130181 4994528.44358503, -8218941.022735244 4994625.733711444, -8217968.724906809 4994659.582304894, -8217682.066086067 4992591.191257168, -8217703.350372707 4992075.707594174, -8218267.428496453 4991850.990566283))"
7,gdf_nodes7,0,15 mins,"POLYGON ((-8228105.043592428 4985052.227744883, -8229313.950998546 4985535.56788481, -8229494.143858292 4985747.900923056, -8229481.664943375 4985836.586453669, -8229277.026323448 4986705.18534798, -8228722.443752267 4987586.367224463, -8228371.876411859 4987897.880588701, -8227130.931256293 4988761.895611462, -8227109.602441857 4988736.278043821, -8226411.206220519 4986663.273227022, -8226385.023876284 4986394.195520417, -8226517.182375752 4985623.589554854, -8227077.486768764 4985375.427554608, -8227784.510250637 4985079.909574018, -8228105.043592428 4985052.227744883))"
8,gdf_nodes8,0,15 mins,"POLYGON ((-8216648.798572523 4967325.063830459, -8217150.337406343 4967715.80490291, -8217254.966595738 4968550.342557435, -8217181.907613932 4968747.416956597, -8216499.15178105 4969483.107379317, -8215855.958895195 4969501.728338484, -8215743.103195429 4969427.17128855, -8215384.687830921 4968952.469000822, -8215106.500423428 4968210.343121924, -8215483.01633714 4967373.059553906, -8215983.441976051 4967337.690397467, -8216648.798572523 4967325.063830459))"
9,gdf_nodes9,0,15 mins,"POLYGON ((-8236644.183619995 4952034.650246934, -8236813.879051761 4952042.126410098, -8236947.462440712 4952102.229105408, -8237488.898180032 4952394.216174777, -8237701.039733638 4952535.668405014, -8237875.655486897 4952695.139954375, -8238812.286550481 4953731.357746528, -8239019.340803358 4954284.059855736, -8238946.092578415 4955386.888725201, -8238910.804299833 4955502.824203117, -8238586.341380019 4955778.634734308, -8237595.56451611 4955523.852869609, -8236656.028013816 4955198.016257509, -8236346.33719043 4955084.811833973, -8236098.350760789 4954887.367092944, -8236071.444839864 4954865.210712644, -8235802.986755867 4954643.151121594, -8235654.25278422 4954344.220288251, -8235345.975718364 4953672.88715856, -8235294.835544294 4953322.364177292, -8235352.699415609 4952978.49495818, -8235492.483300198 4952639.739496176, -8235599.984532457 4952519.264005047, -8236644.183619995 4952034.650246934))"
10,gdf_nodes10,0,15 mins,"POLYGON ((-8235982.211136043 4956556.718028503, -8238271.830422681 4957252.346543591, -8238566.159156336 4957385.229969067, -8238993.959959456 4957725.95365551, -8239500.463642566 4958259.680138538, -8239885.740400201 4958735.580344056, -8240159.50842391 4959342.609265164, -8240247.706856466 4959807.720392103, -8240110.806146688 4959980.749012181, -8240045.383681947 4960061.748113643, -8239907.592416245 4960220.887404905, -8239376.654104905 4960332.038498376, -8239031.329912516 4960327.783747445, -8238726.125264607 4960217.278243245, -8238416.122746646 4960104.411919914, -8237795.939599539 4959878.375087572, -8237550.591441831 4959683.107643001, -8237142.494188582 4959358.012856822, -8236080.060968452 4957443.165360137, -8235850.074900473 4956724.20408174, -8235982.211136043 4956556.718028503))"
11,gdf_nodes11,0,15 mins,"POLYGON ((-8236149.980740619 4968139.804447367, -8237976.243778776 4969999.705296422, -8237917.021809674 4971124.590086212, -8237235.835581612 4971414.163376082, -8237218.135782576 4971421.081513929, -8237144.375487977 4971371.582418875, -8237139.210263603 4971360.169755061, -8237085.08672718 4971237.333909293, -8237008.265146584 4971027.107971961, -8236954.831791003 4970858.701353935, -8236119.312220906 4968160.361044381, -8236149.980740619 4968139.804447367))"
12,gdf_nodes12,0,15 mins,"POLYGON ((-8236180.025871183 4968077.400756785, -8236191.703285767 4968078.076182839, -8236337.943700823 4968180.403768068, -8237586.414053968 4970247.418222578, -8237650.500684817 4970567.646449317, -8237628.815648011 4970851.724864652, -8237592.369646724 4970934.003692992, -8237345.218113265 4971221.191898651, -8237257.431562827 4971287.375780457, -8237132.375246869 4971356.585858237, -8237043.898515587 4971325.359009512, -8236968.546352269 4971286.891076631, -8236943.933612855 4971265.931331162, -8236934.44919224 4971256.369472015, -8236782.197524681 4971086.563574054, -8235645.892690459 4968149.025544113, -8236180.025871183 4968077.400756785))"
13,gdf_nodes13,0,15 mins,"POLYGON ((-8218871.314470109 4975272.056799421, -8219364.337362883 4975834.059084136, -8218868.175260468 4976488.750365867, -8218647.662481154 4976756.379503638, -8218240.411256038 4976794.222335107, -8218144.186688196 4976792.385301067, -8217617.177954882 4976776.792570054, -8217518.381906804 4976704.942880357, -8217604.776963607 4975745.831726377, -8217608.049756637 4975732.547729521, -8217742.913319732 4975349.024192214, -8218255.695422122 4975296.360679647, -8218871.314470109 4975272.056799421))"
14,gdf_nodes14,0,15 mins,"POLYGON ((-8220191.585894815 4976321.219520578, -8219207.287825271 4977385.647683429, -8218474.649728565 4977899.591615076, -8218460.857243655 4977903.030932879, -8218032.945121046 4977860.215921878, -8217537.17263685 4977688.575616414, -8217527.220674372 4977683.504939093, -8217404.735838653 4977231.034747454, -8218197.263821405 4976672.582035013, -8218379.126473513 4976592.82667627, -8218394.377243754 4976587.154033211, -8218411.598368978 4976581.334433912, -8218572.521824869 4976534.542630176, -8220191.585894815 4976321.219520578))"
15,gdf_nodes15,0,15 mins,"POLYGON ((-8218494.052715809 4976677.123128098, -8219302.610705239 4976739.522957548, -8219279.623230388 4977028.101634262, -8219069.017885757 4977390.086227803, -8218600.140190536 4977747.865992363, -8218494.642709112 4977789.783946807, -8218480.115515562 4977794.119790371, -8217535.502844486 4977672.349458252, -8217404.735838653 4977231.034747454, -8218012.662709824 4976851.743719697, -8218494.052715809 4976677.123128098))"
16,gdf_nodes16,0,15 mins,"POLYGON ((-8217471.483005332 4974989.348631541, -8219053.522212639 4975233.779045343, -8219059.288562262 4975252.719535246, -8218473.080123744 4976151.810548452, -8218460.90177145 4976168.636689886, -8218416.106808356 4976205.169355233, -8217701.658316446 4976421.443768756, -8217636.569810178 4976361.720573911, -8217629.857244884 4976354.167026552, -8217435.226247179 4976108.150887796, -8217311.984438922 4975808.651757023, -8217252.550962789 4975133.067390613, -8217261.890668065 4975109.190034961, -8217414.754592824 4975004.879735921, -8217471.483005332 4974989.348631541))"
17,gdf_nodes17,0,15 mins,"POLYGON ((-8232805.486827275 4966067.480675979, -8233456.483209435 4966188.152318518, -8233686.780971989 4966263.448067082, -8233837.641145911 4966460.770012279, -8233981.922337928 4966659.798938678, -8234577.247842742 4967631.05712, -8234071.879618438 4969034.746534557, -8233732.778185585 4969285.930044836, -8233475.964120326 4969445.234102522, -8233283.548380488 4969538.338892347, -8233062.85748999 4969594.584013484, -8232505.592119079 4969699.144993939, -8232295.420920461 4969709.718638477, -8231926.619447464 4969619.989879226, -8231726.021725055 4969539.660575553, -8231332.952603063 4969377.094881187, -8231132.132241672 4969292.215222128, -8231009.157600193 4967440.274517467, -8231632.825047362 4966575.691583326, -8231825.652669314 4966436.546807912, -8232174.617009053 4966273.328016264, -8232565.370685635 4966104.181139692, -8232805.486827275 4966067.480675979))"
18,gdf_nodes18,0,15 mins,"POLYGON ((-8227268.56667471 4985966.711018342, -8228014.507450567 4986535.140060239, -8228065.525173196 4986666.318432975, -8228067.506660134 4987296.00506075, -8228033.331576459 4987632.035023391, -8227852.548723413 4988036.492741837, -8227256.265870977 4988791.132975073, -8226908.448121994 4989212.296107451, -8226626.141893341 4989389.171799785, -8226211.053776072 4989322.600239277, -8226138.673843157 4989288.843746286, -8225853.695946728 4989092.516886285, -8225696.746596658 4987646.526943704, -8225771.20820405 4987321.309891348, -8226303.538009023 4986394.783949707, -8226386.582349155 4986300.63571451, -8226783.58104917 4986021.638638979, -8226933.116521155 4985986.746177834, -8227268.56667471 4985966.711018342))"
19,gdf_nodes19,0,15 mins,"POLYGON ((-8234825.045029249 4965294.747676581, -8235460.901960659 4965432.246822652, -8236270.261450421 4965817.040386607, -8236629.645294498 4966148.515483461, -8236744.326633913 4966328.967143742, -8236855.434617673 4966505.619800506, -8237014.031496207 4966758.955231008, -8237092.845695688 4966896.9300799, -8236597.362642167 4968357.133913777, -8235746.035704377 4968280.720786926, -8234835.197366809 4967886.63881426, -8234570.490749652 4967589.109294684, -8234283.920984502 4967183.970393787, -8234167.480797132 4966410.708789365, -8234134.652679297 4965420.973199793, -8234825.045029249 4965294.747676581))"
0,gdf_nodes0,0,15 mins,"POLYGON ((-8220736.906684364 4970789.656360211, -8221582.367084989 4971196.457513665, -8221730.978605199 4971268.428285166, -8222733.610994874 4972846.998058349, -8222595.085020532 4972945.159393739, -8222482.329508307 4972996.899422812, -8220274.607971047 4973916.483836675, -8219002.916372123 4972608.870570285, -8218831.228321473 4972150.495158928, -8219683.668454171 4971372.786844919, -8220736.906684364 4970789.656360211))"
1,gdf_nodes1,0,15 mins,"POLYGON ((-8234154.645659844 4978085.448793505, -8234397.021587148 4978099.853056221, -8235287.544117647 4978165.613194839, -8235553.786943777 4978227.963739631, -8235878.004960713 4978486.100993874, -8236377.295140817 4979081.318422618, -8236439.144249904 4979236.725047956, -8236558.300632847 4979588.280658178, -8236416.746768356 4979961.077202617, -8236294.896453733 4980210.895162211, -8235851.889408174 4980501.708194605, -8235349.727185204 4980606.400654258, -8233976.501078727 4980642.699987088, -8233610.538252744 4979526.156634565, -8234104.073215177 4978176.916222574, -8234154.645659844 4978085.448793505))"
2,gdf_nodes2,0,15 mins,"POLYGON ((-8254796.819212724 4943880.128744278, -8255063.48505292 4943967.527517649, -8256031.296705876 4944386.882551393, -8256139.543778723 4944981.744164552, -8256164.980282368 4945167.065352585, -8256036.773624822 4946005.734731723, -8255751.550825512 4946454.478439637, -8254880.097323786 4946521.637931764, -8254647.818074296 4946505.316843614, -8253613.882643809 4945893.515386821, -8253491.542523427 4945766.208049559, -8253535.257687462 4945528.108208051, -8253883.498450511 4944255.200504215, -8253927.324934035 4944117.104700414, -8254207.90571058 4943958.050857541, -8254330.891484009 4943941.309268614, -8254777.382829632 4943882.662667925, -8254796.819212724 4943880.128744278))"
3,gdf_nodes3,0,15 mins,"POLYGON ((-8228229.398595593 4983512.494499129, -8228857.318447311 4983623.822493654, -8229520.53770956 4984237.664034078, -8229904.868251522 4984869.900294536, -8229951.232819438 4985420.952622219, -8229884.763951487 4985726.880702321, -8229821.078070804 4985864.800065657, -8229637.779397263 4986114.107206558, -8229226.876892846 4986336.61788589, -8228632.274964724 4986257.136594564, -8228247.866499115 4985950.132764024, -8227930.939908829 4985641.329312438, -8227778.242963306 4985440.766021699, -8227578.858623347 4984619.668916281, -8227589.322655482 4983769.697913443, -8227671.55436333 4983700.752791642, -8228010.733719828 4983513.229818572, -8228229.398595593 4983512.494499129))"
4,gdf_nodes4,0,15 mins,"POLYGON ((-8228258.419586842 4981676.971579806, -8230103.484486997 4982927.036032401, -8230285.937132406 4983184.84166689, -8230297.458699704 4983206.150531499, -8230443.81043425 4983531.21574942, -8230469.859195096 4983904.545273023, -8229643.067073075 4985315.149455856, -8229428.008948812 4985351.892869498, -8226089.782322803 4985285.142927652, -8225954.317634456 4985276.802894289, -8225901.440876328 4985262.343911539, -8225864.360353946 4985087.808176219, -8225863.080179801 4984812.03748699, -8225941.515893013 4984207.616696503, -8228258.419586842 4981676.971579806))"
5,gdf_nodes5,0,15 mins,"POLYGON ((-8229179.81101214 4986914.336731198, -8229286.633195505 4986932.726143722, -8229386.486778745 4987000.884964647, -8229690.455780308 4987578.540161831, -8229710.582344242 4987698.536195411, -8229945.967407525 4989968.042740536, -8229900.671506721 4990049.423239099, -8229569.095271443 4990343.943909806, -8228082.423471901 4991057.140792616, -8227605.486245545 4991252.447510739, -8227508.571496861 4991270.550743019, -8227279.142026337 4991279.528781252, -8227091.680003839 4991154.867252217, -8227036.576855896 4991032.120621598, -8226907.223607594 4989933.945543663, -8226904.596467611 4989625.663438302, -8227024.966233007 4989254.925504623, -8227063.928054784 4989144.87229117, -8227537.347585231 4988323.742942477, -8228051.476653459 4987842.427451213, -8228951.205305847 4987100.909963143, -8229179.81101214 4986914.336731198))"
6,gdf_nodes6,0,15 mins,"POLYGON ((-8228123.945641967 4983704.120620108, -8228510.112955526 4983785.743019117, -8229112.685359191 4984126.476110559, -8229308.028801635 4984365.69349659, -8229751.191694483 4984967.094109991, -8229764.616825074 4985683.796010736, -8229761.254976451 4985695.298972257, -8229071.385828107 4986377.542986184, -8228154.235675411 4986591.453717769, -8227977.616171318 4986628.098960507, -8227033.248403123 4986691.474518498, -8226960.623567329 4986574.683158814, -8226859.912824007 4986227.230142696, -8226807.18078122 4985946.558219537, -8226896.648255969 4985103.414185588, -8227206.339079356 4984315.643410251, -8227737.81172425 4983739.402002154, -8227891.14319087 4983704.841247314, -8228123.945641967 4983704.120620108))"
7,gdf_nodes7,0,15 mins,"POLYGON ((-8215861.21317516 4965453.722522971, -8216367.93949725 4965849.042364117, -8216768.578344616 4966348.022516604, -8217182.942885195 4967124.89087452, -8217205.273575049 4967769.088318388, -8217152.853226835 4968553.000340886, -8216007.15302759 4968877.960191295, -8215384.687830921 4968952.469000822, -8214690.299111251 4968766.300830778, -8214443.125313895 4968507.759385135, -8214274.910431356 4967455.000793309, -8214245.076807823 4967178.919844396, -8214361.294356212 4966489.837936685, -8215861.21317516 4965453.722522971))"
8,gdf_nodes8,0,15 mins,"POLYGON ((-8230730.936796853 4983430.286134608, -8231893.190204378 4983473.36087825, -8232139.774008434 4983731.960399495, -8232404.959299402 4984121.063820687, -8232812.70033028 4984784.812375183, -8232991.434904698 4985185.327758105, -8232655.895695549 4985852.664377926, -8232378.476392542 4986304.180967531, -8231176.715697735 4986753.85012149, -8229930.772297031 4985903.972697657, -8229862.455525532 4985723.791660404, -8229570.175070505 4983892.470850668, -8230497.822651182 4983433.60975094, -8230730.936796853 4983430.286134608))"
9,gdf_nodes9,0,15 mins,"POLYGON ((-8235259.703112999 4975671.212341099, -8236810.216640513 4976047.430337753, -8237857.554937694 4977114.429994103, -8237814.875044924 4977325.712834723, -8237789.583256615 4977400.873956634, -8237729.715634466 4977555.945200811, -8236998.591482834 4978697.428205895, -8236936.564262563 4978793.237653352, -8236885.680123322 4978871.041260707, -8236185.435998435 4978675.276630961, -8235844.141571614 4978546.307543498, -8235002.833387995 4977825.293827355, -8234773.526368908 4977591.395441408, -8234620.116978647 4977243.291995461, -8234336.307936869 4976483.768486129, -8234386.724534249 4976392.41977881, -8235259.703112999 4975671.212341099))"
10,gdf_nodes10,0,15 mins,"POLYGON ((-8227315.120485759 4983481.669957876, -8227951.801181404 4983505.979571274, -8228404.470758766 4983990.169680798, -8228576.793330514 4985046.344263155, -8227863.903311473 4985796.369694185, -8227423.835100469 4986223.993837611, -8226960.623567329 4986574.683158814, -8226049.618250524 4986214.873347241, -8225581.820354363 4985976.419680799, -8225487.710856847 4985876.141431108, -8226024.27080247 4984651.423662547, -8226793.455088004 4983879.44049203, -8227315.120485759 4983481.669957876))"
11,gdf_nodes11,0,15 mins,"POLYGON ((-8234277.586905476 4980059.765779405, -8235133.088324171 4980986.925519886, -8235401.824706894 4981506.660997209, -8235401.702255456 4981592.146745771, -8235319.025269642 4982056.023642212, -8234951.103220622 4982739.219113578, -8234913.621948073 4982806.231046158, -8234902.122644673 4982825.921495186, -8234551.388325031 4983377.74079314, -8234216.049490965 4983854.791689626, -8232791.850189654 4982527.89263712, -8232475.658308004 4981575.82587941, -8232328.271302194 4981020.859142873, -8232383.051623615 4980921.690372319, -8232390.665876784 4980907.914152813, -8233048.664254914 4980572.865424568, -8234277.586905476 4980059.765779405))"
12,gdf_nodes12,0,15 mins,"POLYGON ((-8221313.485986928 4968647.197939063, -8221525.215658417 4968648.754446357, -8222366.557237882 4968730.897267635, -8223559.289921988 4969928.243185393, -8223564.744577035 4970028.842484582, -8223091.547685572 4971163.718331906, -8223012.265944229 4971335.111881003, -8222782.057237267 4971658.401576341, -8222610.736540938 4971696.591887458, -8221250.423495393 4971153.569060941, -8221010.763763663 4971038.50555937, -8220779.586577133 4970913.720325947, -8219418.082413037 4969802.66440306, -8219432.620738535 4969505.340926153, -8219513.305105464 4969360.955941197, -8221313.485986928 4968647.197939063))"
13,gdf_nodes13,0,15 mins,"POLYGON ((-8213181.08511482 4969320.263609283, -8213408.0321607 4969387.183567851, -8214246.457169509 4970033.83576143, -8214406.612520915 4970935.854313658, -8213876.720612789 4971327.76785036, -8213508.698376225 4971559.695001776, -8213201.567901128 4971622.267803946, -8212951.210366332 4971310.435959928, -8212584.969241623 4970811.49632146, -8212475.430862683 4970513.055342764, -8212961.696662366 4969510.172397112, -8213082.233406997 4969339.060479201, -8213181.08511482 4969320.263609283))"
14,gdf_nodes14,0,15 mins,"POLYGON ((-8235540.128042257 4973084.11768974, -8236006.812743509 4973097.383396302, -8236223.017458528 4973104.596539987, -8236384.330532636 4973175.494239598, -8236392.980057071 4973180.283452108, -8236403.299373867 4973186.012881192, -8236933.191281992 4973481.141784816, -8237541.708146465 4973941.151645365, -8238353.093650959 4974749.655540602, -8238493.957334609 4975164.541507938, -8238467.485559698 4975273.878853644, -8238414.497482081 4975350.376049511, -8237118.682949502 4975488.486890792, -8236299.249045823 4975388.7424253, -8235931.638691378 4975294.656173379, -8235745.100620654 4975207.947156316, -8235593.55026589 4975106.016187773, -8235176.714432612 4974409.058435827, -8235169.055651647 4974393.146269129, -8235102.174901579 4974247.161062572, -8235001.375102664 4973454.153919174, -8235168.988859951 4973201.702719583, -8235540.128042257 4973084.11768974))"
15,gdf_nodes15,0,15 mins,"POLYGON ((-8231436.947271362 4980025.453266745, -8231707.375710347 4980063.602790243, -8232322.104202405 4980166.335273214, -8232474.110967082 4980250.883094506, -8232597.308247544 4980428.640256359, -8232731.759928525 4980634.760874815, -8232832.069921677 4980930.306032815, -8232736.39081934 4981102.606136602, -8232700.534811357 4981116.397333594, -8232137.926104887 4981277.467606491, -8231813.774879646 4981086.771278793, -8231606.219689063 4980872.246037659, -8231587.840841132 4980836.284005655, -8231423.455349078 4980507.456620994, -8231395.180198417 4980353.544039682, -8231436.947271362 4980025.453266745))"
16,gdf_nodes16,0,15 mins,"POLYGON ((-8231739.49138344 4982880.581448718, -8232627.954503359 4982895.507477933, -8232882.965192867 4983160.503441587, -8232993.483183329 4983341.622468906, -8233320.484187534 4984644.452023436, -8233220.385701412 4985553.866442013, -8233168.577610398 4985648.993015367, -8232066.292012563 4986131.0682082, -8231863.167337712 4986137.540757795, -8230859.455148974 4985342.008318676, -8230594.436837243 4984951.767781221, -8230021.085799913 4984063.881984982, -8229948.92850598 4983256.591990608, -8230420.889751095 4983014.195957046, -8230534.224124672 4982958.417633169, -8231284.250325842 4982892.522270265, -8231503.12670864 4982883.713707143, -8231739.49138344 4982880.581448718))"
17,gdf_nodes17,0,15 mins,"POLYGON ((-8236051.451859317 4959559.728793233, -8239416.072336595 4960363.391668285, -8239721.098873317 4960473.297278934, -8240030.48913408 4960586.079822835, -8240361.831598424 4960984.460409361, -8239227.285612159 4961957.547322217, -8238339.969082995 4962570.968848544, -8237661.888668724 4962581.40271782, -8236072.379923587 4959835.976340786, -8236051.451859317 4959559.728793233))"
18,gdf_nodes18,0,15 mins,"POLYGON ((-8256994.722370896 4947475.926713418, -8257115.993824165 4947747.496655378, -8256573.16659121 4950134.980723453, -8256543.700321997 4950248.978070075, -8255157.66134213 4950271.021422955, -8256545.737468679 4947837.288996991, -8256994.722370896 4947475.926713418))"
19,gdf_nodes19,0,15 mins,"POLYGON ((-8229883.172082767 4984855.383081042, -8229862.455525532 4985723.791660404, -8229686.114320166 4986508.851638088, -8229562.905907756 4987036.678466661, -8228726.852004101 4988073.172839785, -8227934.134778215 4988513.330060584, -8227090.46662139 4988879.390027527, -8227052.350827741 4988871.915074488, -8227015.337097053 4988697.049894314, -8227056.580968392 4986026.154662252, -8227317.65857015 4985811.373732837, -8228067.89627835 4985324.592705878, -8229883.172082767 4984855.383081042))"
0,gdf_nodes0,0,15 mins,"POLYGON ((-8226341.308712249 4990058.400153045, -8226575.524920878 4990320.794583795, -8226649.196159886 4990901.457501041, -8226362.759978126 4991974.100766508, -8226329.531110123 4992054.820923834, -8225992.978893609 4992423.869514348, -8225930.539791221 4992486.237633287, -8225599.108271282 4992806.357079021, -8225375.467414279 4992945.318716388, -8224922.731045223 4992756.896635274, -8222977.133512934 4991416.982106998, -8222909.651637617 4991307.066389437, -8223076.174463894 4991220.39162579, -8223104.816968874 4991207.675270875, -8224810.721373587 4990501.605085165, -8226341.308712249 4990058.400153045))"
1,gdf_nodes1,0,15 mins,"POLYGON ((-8233817.002512318 4953537.371036187, -8234797.281948244 4955927.761601248, -8234764.598545747 4957365.224004757, -8234479.119711609 4958157.44154979, -8234179.614621629 4958346.855146884, -8233658.973363188 4958667.04623807, -8232939.793792918 4958340.224949039, -8232517.169346122 4957690.164644078, -8232048.291650901 4956683.872239754, -8232055.416098312 4955967.166434253, -8232105.843827641 4955561.247053315, -8232264.585421512 4954467.049595691, -8232414.421456119 4953740.389342873, -8232519.173096958 4953724.994581376, -8233229.948045671 4953621.923610654, -8233817.002512318 4953537.371036187))"
2,gdf_nodes2,0,15 mins,"POLYGON ((-8227468.162521701 4987037.811267679, -8227777.152032297 4987445.966564411, -8227757.147919801 4987993.677398845, -8227463.932381052 4989319.568919091, -8227351.944973314 4989467.015779128, -8227132.756895943 4989754.808452755, -8226597.955798274 4990236.159467388, -8226093.700768878 4990635.338727217, -8225865.273173769 4990809.149580128, -8225739.036871211 4990720.109763771, -8225386.042765904 4990222.531972528, -8225158.617046214 4989082.216530548, -8225152.160515749 4988926.53533579, -8225191.745726674 4988750.948176275, -8225745.370950236 4987802.084719354, -8226167.015785513 4987445.186811591, -8227468.162521701 4987037.811267679))"
3,gdf_nodes3,0,15 mins,"POLYGON ((-8234243.879363663 4949825.605814655, -8234684.838130594 4949830.471553199, -8235372.436361326 4950344.392141982, -8235546.584572722 4950478.984722481, -8235248.615691717 4952992.217242061, -8235185.831498909 4953338.080850285, -8234907.087493964 4953638.197902384, -8233574.147911204 4953572.807668822, -8232855.914556606 4952347.041452289, -8232616.722366737 4951413.269086858, -8232875.094904869 4951048.858132532, -8233655.967736938 4950150.692287239, -8234042.190710244 4949864.487822925, -8234243.879363663 4949825.605814655))"
4,gdf_nodes4,0,15 mins,"POLYGON ((-8225942.796067157 4957614.157431416, -8226367.390868942 4957636.584044752, -8226650.075583863 4957802.519110891, -8227577.066379545 4958660.665197388, -8227849.988375125 4959223.048877606, -8227973.775648885 4959537.723216438, -8228479.010289799 4961462.444602623, -8227275.735649918 4961523.984415503, -8226694.158102216 4961403.531672549, -8225875.870789294 4960903.879174468, -8224717.56922369 4959720.664414805, -8224585.878266082 4959563.54309824, -8224532.678681434 4959476.049183371, -8224455.523142363 4959243.146656645, -8224723.992358309 4958561.95762863, -8224999.986771833 4958033.216499831, -8225076.407602264 4957966.55014604, -8225439.476121485 4957762.036151873, -8225942.796067157 4957614.157431416))"
5,gdf_nodes5,0,15 mins,"POLYGON ((-8235185.074526372 4966008.27577809, -8235760.128751912 4966055.883358071, -8236049.225469501 4966086.564899929, -8236744.326633913 4966328.967143742, -8237222.978180426 4966834.989438313, -8237490.890798918 4967392.484014275, -8238427.07658454 4969923.014987332, -8238390.953409778 4970170.388185391, -8238381.947662973 4970184.531119097, -8237803.175366441 4970189.788829675, -8237491.347208831 4970177.804778397, -8237474.571361569 4970167.304059266, -8235541.051994029 4968619.07806223, -8234847.921184605 4967901.953078551, -8234835.197366809 4967886.63881426, -8234687.131312105 4967637.165043765, -8234762.839697792 4967008.700236603, -8234873.023729779 4966715.102598146, -8235038.945430807 4966323.740869224, -8235185.074526372 4966008.27577809))"
6,gdf_nodes6,0,15 mins,"POLYGON ((-8236802.691442936 4970419.45661108, -8236972.687437327 4971173.059783089, -8236855.534805216 4971535.78230897, -8236610.954751993 4971742.200127549, -8236569.677484808 4971725.910396761, -8236373.198583557 4971617.55279715, -8236356.645375276 4971608.416559936, -8236294.373252127 4971549.853775909, -8236225.154792752 4971474.017915457, -8236204.672006445 4971271.850581987, -8236267.088844934 4970921.475294042, -8236395.451349768 4970789.582923976, -8236802.691442936 4970419.45661108))"
7,gdf_nodes7,0,15 mins,"POLYGON ((-8233141.760745063 4981946.125113622, -8233302.02741596 4981951.462677473, -8233930.002927423 4982758.982953694, -8234067.938908465 4982954.094201391, -8234197.403476257 4983408.96207444, -8234199.685525819 4983421.918273718, -8234152.118707404 4983504.847180195, -8234043.326169051 4983686.178490585, -8232936.042326079 4984526.802687605, -8232433.735387772 4984637.936339905, -8232243.412454363 4984653.350424446, -8232049.293526319 4984666.278859545, -8231692.303051293 4984583.693075701, -8231214.953942823 4983829.863519008, -8230978.310969294 4983447.698367256, -8230451.257708184 4982299.395793444, -8233141.760745063 4981946.125113622))"
8,gdf_nodes8,0,15 mins,"POLYGON ((-8214185.609935842 4963326.198397708, -8214428.319821617 4964625.246775104, -8213733.252053053 4965697.268776803, -8213675.477237333 4965785.669742359, -8213348.876983294 4965606.167587859, -8213172.624833521 4965432.584444371, -8212992.509897417 4965219.297914614, -8212968.119796984 4965112.905931463, -8212859.260466939 4964179.354144142, -8212826.821967321 4963898.199334569, -8212831.007580174 4963695.909658799, -8212911.124217698 4963474.251470973, -8214185.609935842 4963326.198397708))"
9,gdf_nodes9,0,15 mins,"POLYGON ((-8218712.884570811 4950596.840855812, -8219432.509419044 4950785.404821474, -8219639.251977345 4950848.16745262, -8219690.94874887 4950956.280764499, -8217899.584371076 4954102.39313332, -8217608.528430447 4954062.423973888, -8216201.438934872 4952044.13471372, -8216467.81534439 4951423.456547215, -8216531.111606855 4951331.769785127, -8217272.265644608 4951018.296950956, -8218612.730424943 4950602.058744977, -8218712.884570811 4950596.840855812))"
10,gdf_nodes10,0,15 mins,"POLYGON ((-8229408.461246229 4972864.699932388, -8230554.083521829 4972988.51111443, -8231680.647900607 4974424.588617965, -8230848.223012353 4975546.265087561, -8230230.889644208 4976202.03923817, -8230059.980829995 4976322.57151239, -8229739.024474139 4976441.209522652, -8229120.333008208 4976055.880052876, -8228967.346632011 4975949.810941472, -8228308.646941089 4974513.979474488, -8228325.723350977 4974193.783561992, -8228765.368547916 4973379.610795064, -8229239.812217677 4972928.676682204, -8229408.461246229 4972864.699932388))"
11,gdf_nodes11,0,15 mins,"POLYGON ((-8254404.896681488 4956243.737974665, -8254430.032622509 4956446.724367388, -8254429.988094714 4956704.06747224, -8254289.146674961 4958148.244529638, -8253759.488537767 4959085.59291063, -8253593.622496485 4959189.01477651, -8253474.499509386 4959233.215121261, -8253038.004654036 4958827.644465577, -8252239.175988106 4958079.479842408, -8252546.506838287 4957389.175431659, -8253072.647279573 4956712.32450376, -8253747.944706571 4956433.671868238, -8254404.896681488 4956243.737974665))"
12,gdf_nodes12,0,15 mins,"POLYGON ((-8251223.630537496 4947465.523568525, -8251540.545995835 4947579.665719584, -8251723.566370648 4947869.115069946, -8251993.070857859 4949112.200356577, -8251774.662016924 4949525.327001776, -8251633.842861068 4949730.797674106, -8251543.351247002 4949805.967014954, -8250781.803478537 4950172.969920832, -8250591.892427243 4950157.287634016, -8250201.606292523 4950048.684821992, -8249993.216205758 4949902.710467574, -8249781.375214779 4949754.100254698, -8249637.628356316 4949530.529665391, -8249294.129803577 4948811.049473655, -8249492.835094642 4948154.851013435, -8249543.151504481 4948047.735692099, -8249663.042596065 4947874.976236448, -8249734.843667626 4947802.737603755, -8249917.51895202 4947705.736463227, -8250951.231743526 4947466.314793239, -8251223.630537496 4947465.523568525))"
13,gdf_nodes13,0,15 mins,"POLYGON ((-8227876.593733422 4990795.020893835, -8228200.088173667 4991544.75259107, -8227540.843017241 4993667.597846273, -8227410.409969878 4994035.058610164, -8227287.991925854 4994325.84236971, -8227155.243433082 4994572.082680206, -8226906.889649122 4994753.767113365, -8226262.973186578 4995049.431169927, -8226137.838946977 4995063.27154773, -8225186.535974505 4995084.65055293, -8225085.88089093 4995040.964991064, -8224814.751139153 4993814.609933218, -8225052.86352996 4992777.505123002, -8225158.839685196 4992577.457429783, -8225274.277997149 4992413.33012181, -8225415.097153002 4992225.359909017, -8226706.514565695 4991181.948251695, -8226901.546313564 4991068.031945943, -8227876.593733422 4990795.020893835))"
14,gdf_nodes14,0,15 mins,"POLYGON ((-8221628.932027987 4984882.814308078, -8221646.776542364 4984891.521716369, -8222176.423547609 4985438.706720698, -8222334.296849451 4985730.293359293, -8222374.416393933 4986018.784866393, -8222078.22862478 4986628.702114993, -8222007.48508838 4986754.350304823, -8220204.677066932 4986635.660460886, -8220137.796316864 4986415.982138594, -8220121.142921041 4986214.299639259, -8220117.291266658 4986128.096720961, -8220688.883456034 4985382.576226451, -8221567.227634241 4984905.891898746, -8221628.932027987 4984882.814308078))"
15,gdf_nodes15,0,15 mins,"POLYGON ((-8225853.695946728 4989092.516886285, -8226244.427359411 4989330.899586748, -8226331.367881721 4989420.956790019, -8226344.837540107 4990050.203200146, -8226299.307868374 4990581.474180665, -8226018.448793102 4991161.048778079, -8225730.353950928 4991476.017426098, -8225509.139858825 4991713.457527808, -8224656.88896926 4992538.508223936, -8222907.714678476 4991395.743609174, -8222909.807484904 4991240.305117674, -8224401.533189329 4989740.578283568, -8224829.745874563 4989441.558227908, -8224968.483355938 4989374.75086616, -8225853.695946728 4989092.516886285))"
16,gdf_nodes16,0,15 mins,"POLYGON ((-8224797.719257062 4974130.650682067, -8225120.1005024 4974226.150891299, -8225763.538291134 4975166.965988968, -8225776.083997746 4975961.12610076, -8225648.97940316 4976564.36062242, -8225380.810749837 4977679.183842234, -8225289.562163234 4977779.230952556, -8225083.910535943 4977755.464710589, -8225069.138439514 4977752.598655633, -8224852.221279754 4977680.756486108, -8224619.162793829 4977512.073501585, -8223705.073927131 4976239.159845948, -8223322.134878801 4974696.348760909, -8223545.35272174 4974436.16648031, -8223729.664402646 4974287.095204932, -8224797.719257062 4974130.650682067))"
17,gdf_nodes17,0,15 mins,"POLYGON ((-8229229.604220373 4975791.326613501, -8229346.30044257 4975838.923073899, -8229363.042893985 4975868.107063323, -8229427.530275002 4977367.290943519, -8229300.147381688 4977755.023779001, -8229284.774160008 4977763.901205448, -8229144.979143471 4977826.793005617, -8229131.231186358 4977829.850154155, -8228030.771228171 4977795.751243873, -8227775.025830022 4977636.252232055, -8227740.416600335 4977292.453414503, -8227787.549272736 4976813.239331779, -8228382.974965092 4976253.326259179, -8228598.600818759 4976076.629645186, -8228861.537456012 4975900.950176824, -8229026.423885776 4975810.885365553, -8229229.604220373 4975791.326613501))"
18,gdf_nodes18,0,15 mins,"POLYGON ((-8231388.712536001 4982702.956100284, -8232063.008087583 4982943.75620732, -8232156.850418322 4982996.931553824, -8232371.585716063 4983313.269089775, -8232792.685085836 4984106.400648264, -8232888.776070288 4984512.668389775, -8232947.519365579 4985116.078458471, -8232909.459231677 4985266.668365986, -8232063.842983765 4985302.234870152, -8231691.84664138 4985313.310817897, -8231263.299997673 4985323.357139935, -8230911.363427531 4985248.061458259, -8230895.210969417 4985239.030134019, -8230549.185464235 4985032.37100827, -8230539.021994724 4985024.281238274, -8229764.360790243 4984291.62593131, -8229570.175070505 4983892.470850668, -8229983.203777194 4983146.224063934, -8230558.057627652 4982729.704838741, -8231388.712536001 4982702.956100284))"
19,gdf_nodes19,0,15 mins,"POLYGON ((-8208062.915490772 4961501.284778072, -8208570.49897294 4961617.336677482, -8208766.933346394 4961728.547646603, -8210324.070383613 4962614.876289126, -8210585.671186976 4963454.864139955, -8210550.30498475 4963585.057922726, -8209595.673559504 4963886.560556699, -8208281.691686027 4964174.070308372, -8207738.452570956 4964183.17024953, -8206071.799418698 4962955.958108282, -8207320.53693862 4961782.943021916, -8207541.873482166 4961691.071213724, -8208062.915490772 4961501.284778072))"
20,gdf_nodes20,0,15 mins,"POLYGON ((-8254788.692889895 4943891.465494477, -8255354.474201852 4944221.657751214, -8255568.986860611 4944348.212667963, -8255827.136759762 4944529.991740907, -8256252.043256119 4945109.715168229, -8256257.286404136 4945118.694881218, -8255686.762881871 4946057.59632478, -8255469.856854059 4946404.109122255, -8254819.584048592 4946338.737810904, -8254075.290801198 4945504.581274724, -8254064.192247966 4944186.18165423, -8254767.108040631 4943895.625235561, -8254788.692889895 4943891.465494477))"
21,gdf_nodes21,0,15 mins,"POLYGON ((-8235421.617312358 4975393.576805055, -8235641.239535743 4975396.765439818, -8235869.667130852 4975404.406412151, -8237068.477859155 4975579.503869305, -8238043.79244579 4976519.361794764, -8237902.372164686 4977117.986609561, -8237796.574120637 4977349.522122453, -8237760.061327657 4977403.343084259, -8237411.119251815 4977713.649787017, -8237146.37923881 4977686.517949936, -8236411.447960594 4977518.848983977, -8236146.863794877 4977251.00789688, -8236018.30091496 4977058.861719938, -8235336.457901902 4975948.135711208, -8235222.778437903 4975758.601426214, -8235349.905296389 4975472.631743435, -8235421.617312358 4975393.576805055))"
22,gdf_nodes22,0,15 mins,"POLYGON ((-8257696.213274078 4954876.413535337, -8258070.814492547 4955011.94817597, -8258112.481377951 4955044.824003683, -8258434.027727108 4957899.869578084, -8256709.900321752 4959461.877707344, -8256473.190556529 4959526.456380257, -8256201.949485262 4959529.933254101, -8255980.535018074 4959353.90523001, -8255917.750825266 4959303.733641576, -8255778.879760502 4959170.780175317, -8255718.143846325 4959110.560756113, -8255051.907825876 4958284.807231974, -8254932.061262089 4958050.304868201, -8254799.212581775 4957690.898024146, -8254817.914256229 4956349.637655262, -8254873.685321116 4956282.176155973, -8255488.948146732 4955680.176170601, -8257465.503629409 4954885.240899414, -8257696.213274078 4954876.413535337))"
23,gdf_nodes23,0,15 mins,"POLYGON ((-8237592.236063335 4970251.0163993, -8237687.770450336 4970300.509821667, -8237691.299278193 4970302.448441528, -8237865.748052215 4970411.687354463, -8237874.920778256 4970429.340759326, -8238112.699210592 4971050.285038671, -8238061.547904572 4971135.253398911, -8237991.950958927 4971193.98995375, -8237815.375982632 4971311.302553719, -8237253.668964039 4971664.761721645, -8237239.408937267 4971657.54964033, -8237174.008736427 4971619.535743656, -8237033.122788878 4971055.690091278, -8237050.132407071 4970895.728236163, -8237116.300712399 4970730.848798553, -8237119.428790091 4970723.490534638, -8237214.840725649 4970598.665260669, -8237592.236063335 4970251.0163993))"
24,gdf_nodes24,0,15 mins,"POLYGON ((-8228027.76560192 4986846.413897557, -8228301.2775908 4987014.566805646, -8228617.836826768 4987350.645922466, -8228943.43520539 4988541.580843016, -8228895.757067482 4988815.764823006, -8228555.308668789 4989987.24729968, -8228286.995300131 4990439.293810991, -8227756.702641839 4990951.467801482, -8227322.890586217 4991184.303124772, -8227184.075181198 4991235.374574507, -8227073.668510228 4991184.53861211, -8226901.546313564 4991068.031945943, -8226842.992261406 4990944.256176704, -8226473.745510446 4989864.780253708, -8226326.692463107 4989115.619152274, -8226418.308404031 4988912.850812726, -8227507.792260423 4987332.196873548, -8227858.893934388 4986991.440092056, -8228027.76560192 4986846.413897557))"
25,gdf_nodes25,0,15 mins,"POLYGON ((-8232766.981415411 4977552.359031071, -8233897.39744857 4977701.421344073, -8234014.472157038 4977887.950856101, -8234220.524534495 4978362.102540947, -8234696.326302043 4979881.86832309, -8234786.940367551 4980426.214468994, -8234376.516536944 4980423.141805866, -8233224.170564099 4980165.585504466, -8232811.531475626 4980064.999403757, -8232627.219794719 4979974.043528054, -8232480.489573906 4979880.545240361, -8232277.565274138 4979656.711624341, -8232073.149293195 4979403.894299814, -8232062.251115046 4979386.180574005, -8231822.591383317 4978641.395254886, -8231829.582247339 4978517.365432669, -8232066.536915442 4978159.013643731, -8232131.380518829 4978069.398354359, -8232379.133177537 4977819.840935821, -8232766.981415411 4977552.359031071))"
